id,domain,prompt
0,logical_reasoning,"Given premises about a graph, derive a contradiction test and decompose the conclusion for a tensor under rotational invariance. [benchmark_id=logical_reasoning_000]"
1,logical_reasoning,"Given premises about a projection, derive a contradiction test and align the conclusion for a geodesic while preserving neighborhood topology. [benchmark_id=logical_reasoning_001]"
2,logical_reasoning,"Given premises about a polytope, derive a contradiction test and decompose the conclusion for a trajectory under noisy measurements. [benchmark_id=logical_reasoning_002]"
3,logical_reasoning,"Given premises about a embedding, derive a contradiction test and align the conclusion for a geodesic under fixed token budget. [benchmark_id=logical_reasoning_003]"
4,logical_reasoning,"Given premises about a distance matrix, derive a contradiction test and factorize the conclusion for a vector field under fixed token budget. [benchmark_id=logical_reasoning_004]"
5,logical_reasoning,"Given premises about a polytope, derive a contradiction test and perturb the conclusion for a projection with sparse observations. [benchmark_id=logical_reasoning_005]"
6,logical_reasoning,"Given premises about a latent map, derive a contradiction test and factorize the conclusion for a basis while preserving neighborhood topology. [benchmark_id=logical_reasoning_006]"
7,logical_reasoning,"Given premises about a operator, derive a contradiction test and normalize the conclusion for a basis under fixed token budget. [benchmark_id=logical_reasoning_007]"
8,logical_reasoning,"Given premises about a distance matrix, derive a contradiction test and cluster the conclusion for a geodesic across two scales. [benchmark_id=logical_reasoning_008]"
9,logical_reasoning,"Given premises about a operator, derive a contradiction test and decompose the conclusion for a embedding under fixed token budget. [benchmark_id=logical_reasoning_009]"
10,logical_reasoning,"Given premises about a basis, derive a contradiction test and interpolate the conclusion for a geodesic under fixed token budget. [benchmark_id=logical_reasoning_010]"
11,logical_reasoning,"Given premises about a geodesic, derive a contradiction test and optimize the conclusion for a basis with contrastive supervision. [benchmark_id=logical_reasoning_011]"
12,logical_reasoning,"Given premises about a coordinate frame, derive a contradiction test and interpolate the conclusion for a operator under noisy measurements. [benchmark_id=logical_reasoning_012]"
13,logical_reasoning,"Given premises about a latent map, derive a contradiction test and project the conclusion for a trajectory with contrastive supervision. [benchmark_id=logical_reasoning_013]"
14,logical_reasoning,"Given premises about a trajectory, derive a contradiction test and compare the conclusion for a embedding across two scales. [benchmark_id=logical_reasoning_014]"
15,logical_reasoning,"Given premises about a basis, derive a contradiction test and normalize the conclusion for a latent map under fixed token budget. [benchmark_id=logical_reasoning_015]"
16,logical_reasoning,"Given premises about a distance matrix, derive a contradiction test and decompose the conclusion for a kernel under noisy measurements. [benchmark_id=logical_reasoning_016]"
17,logical_reasoning,"Given premises about a trajectory, derive a contradiction test and optimize the conclusion for a distance matrix with contrastive supervision. [benchmark_id=logical_reasoning_017]"
18,logical_reasoning,"Given premises about a kernel, derive a contradiction test and factorize the conclusion for a graph under fixed token budget. [benchmark_id=logical_reasoning_018]"
19,logical_reasoning,"Given premises about a vector field, derive a contradiction test and cluster the conclusion for a trajectory under rotational invariance. [benchmark_id=logical_reasoning_019]"
20,logical_reasoning,"Given premises about a polytope, derive a contradiction test and decompose the conclusion for a geodesic across two scales. [benchmark_id=logical_reasoning_020]"
21,logical_reasoning,"Given premises about a trajectory, derive a contradiction test and interpolate the conclusion for a trajectory with sparse observations. [benchmark_id=logical_reasoning_021]"
22,logical_reasoning,"Given premises about a distance matrix, derive a contradiction test and cluster the conclusion for a projection with sparse observations. [benchmark_id=logical_reasoning_022]"
23,logical_reasoning,"Given premises about a geodesic, derive a contradiction test and normalize the conclusion for a trajectory under noisy measurements. [benchmark_id=logical_reasoning_023]"
24,logical_reasoning,"Given premises about a latent map, derive a contradiction test and align the conclusion for a graph under fixed token budget. [benchmark_id=logical_reasoning_024]"
25,logical_reasoning,"Given premises about a embedding, derive a contradiction test and align the conclusion for a basis with contrastive supervision. [benchmark_id=logical_reasoning_025]"
26,logical_reasoning,"Given premises about a vector field, derive a contradiction test and stabilize the conclusion for a tensor while preserving neighborhood topology. [benchmark_id=logical_reasoning_026]"
27,logical_reasoning,"Given premises about a embedding, derive a contradiction test and stabilize the conclusion for a geodesic under fixed token budget. [benchmark_id=logical_reasoning_027]"
28,logical_reasoning,"Given premises about a graph, derive a contradiction test and decompose the conclusion for a coordinate frame with sparse observations. [benchmark_id=logical_reasoning_028]"
29,logical_reasoning,"Given premises about a geodesic, derive a contradiction test and decompose the conclusion for a embedding with bounded curvature. [benchmark_id=logical_reasoning_029]"
30,logical_reasoning,"Given premises about a graph, derive a contradiction test and normalize the conclusion for a coordinate frame while preserving neighborhood topology. [benchmark_id=logical_reasoning_030]"
31,logical_reasoning,"Given premises about a trajectory, derive a contradiction test and compare the conclusion for a operator under fixed token budget. [benchmark_id=logical_reasoning_031]"
32,logical_reasoning,"Given premises about a coordinate frame, derive a contradiction test and factorize the conclusion for a operator across two scales. [benchmark_id=logical_reasoning_032]"
33,logical_reasoning,"Given premises about a latent map, derive a contradiction test and compare the conclusion for a embedding across two scales. [benchmark_id=logical_reasoning_033]"
34,logical_reasoning,"Given premises about a operator, derive a contradiction test and align the conclusion for a projection under rotational invariance. [benchmark_id=logical_reasoning_034]"
35,logical_reasoning,"Given premises about a distance matrix, derive a contradiction test and perturb the conclusion for a kernel while preserving neighborhood topology. [benchmark_id=logical_reasoning_035]"
36,logical_reasoning,"Given premises about a trajectory, derive a contradiction test and optimize the conclusion for a vector field while preserving neighborhood topology. [benchmark_id=logical_reasoning_036]"
37,logical_reasoning,"Given premises about a kernel, derive a contradiction test and perturb the conclusion for a vector field across two scales. [benchmark_id=logical_reasoning_037]"
38,logical_reasoning,"Given premises about a embedding, derive a contradiction test and align the conclusion for a latent map while preserving neighborhood topology. [benchmark_id=logical_reasoning_038]"
39,logical_reasoning,"Given premises about a operator, derive a contradiction test and stabilize the conclusion for a operator with contrastive supervision. [benchmark_id=logical_reasoning_039]"
40,logical_reasoning,"Given premises about a coordinate frame, derive a contradiction test and perturb the conclusion for a tensor across two scales. [benchmark_id=logical_reasoning_040]"
41,logical_reasoning,"Given premises about a vector field, derive a contradiction test and decompose the conclusion for a operator with contrastive supervision. [benchmark_id=logical_reasoning_041]"
42,logical_reasoning,"Given premises about a tensor, derive a contradiction test and transform the conclusion for a coordinate frame with contrastive supervision. [benchmark_id=logical_reasoning_042]"
43,logical_reasoning,"Given premises about a polytope, derive a contradiction test and perturb the conclusion for a coordinate frame under noisy measurements. [benchmark_id=logical_reasoning_043]"
44,logical_reasoning,"Given premises about a latent map, derive a contradiction test and optimize the conclusion for a kernel with contrastive supervision. [benchmark_id=logical_reasoning_044]"
45,logical_reasoning,"Given premises about a kernel, derive a contradiction test and transform the conclusion for a tensor under fixed token budget. [benchmark_id=logical_reasoning_045]"
46,logical_reasoning,"Given premises about a polytope, derive a contradiction test and interpolate the conclusion for a coordinate frame under rotational invariance. [benchmark_id=logical_reasoning_046]"
47,logical_reasoning,"Given premises about a operator, derive a contradiction test and project the conclusion for a projection while preserving neighborhood topology. [benchmark_id=logical_reasoning_047]"
48,logical_reasoning,"Given premises about a coordinate frame, derive a contradiction test and transform the conclusion for a coordinate frame with sparse observations. [benchmark_id=logical_reasoning_048]"
49,logical_reasoning,"Given premises about a vector field, derive a contradiction test and perturb the conclusion for a coordinate frame under rotational invariance. [benchmark_id=logical_reasoning_049]"
50,logical_reasoning,"Given premises about a polytope, derive a contradiction test and decompose the conclusion for a kernel under fixed token budget. [benchmark_id=logical_reasoning_050]"
51,logical_reasoning,"Given premises about a polytope, derive a contradiction test and normalize the conclusion for a embedding with contrastive supervision. [benchmark_id=logical_reasoning_051]"
52,logical_reasoning,"Given premises about a manifold, derive a contradiction test and decompose the conclusion for a tensor under rotational invariance. [benchmark_id=logical_reasoning_052]"
53,logical_reasoning,"Given premises about a polytope, derive a contradiction test and interpolate the conclusion for a tensor under noisy measurements. [benchmark_id=logical_reasoning_053]"
54,logical_reasoning,"Given premises about a distance matrix, derive a contradiction test and interpolate the conclusion for a distance matrix with contrastive supervision. [benchmark_id=logical_reasoning_054]"
55,logical_reasoning,"Given premises about a coordinate frame, derive a contradiction test and perturb the conclusion for a manifold with contrastive supervision. [benchmark_id=logical_reasoning_055]"
56,logical_reasoning,"Given premises about a embedding, derive a contradiction test and compare the conclusion for a graph with bounded curvature. [benchmark_id=logical_reasoning_056]"
57,logical_reasoning,"Given premises about a coordinate frame, derive a contradiction test and align the conclusion for a manifold across two scales. [benchmark_id=logical_reasoning_057]"
58,logical_reasoning,"Given premises about a latent map, derive a contradiction test and compare the conclusion for a coordinate frame while preserving neighborhood topology. [benchmark_id=logical_reasoning_058]"
59,logical_reasoning,"Given premises about a trajectory, derive a contradiction test and cluster the conclusion for a operator with bounded curvature. [benchmark_id=logical_reasoning_059]"
60,algebraic_geometry,"Compute an explicit mapping from a graph to a coordinate frame, then compare basis vectors and discuss rank behavior under fixed token budget. [benchmark_id=algebraic_geometry_000]"
61,algebraic_geometry,"Compute an explicit mapping from a distance matrix to a trajectory, then compare basis vectors and discuss rank behavior under rotational invariance. [benchmark_id=algebraic_geometry_001]"
62,algebraic_geometry,"Compute an explicit mapping from a vector field to a embedding, then optimize basis vectors and discuss rank behavior under fixed token budget. [benchmark_id=algebraic_geometry_002]"
63,algebraic_geometry,"Compute an explicit mapping from a coordinate frame to a vector field, then optimize basis vectors and discuss rank behavior across two scales. [benchmark_id=algebraic_geometry_003]"
64,algebraic_geometry,"Compute an explicit mapping from a kernel to a polytope, then transform basis vectors and discuss rank behavior with bounded curvature. [benchmark_id=algebraic_geometry_004]"
65,algebraic_geometry,"Compute an explicit mapping from a geodesic to a projection, then interpolate basis vectors and discuss rank behavior under rotational invariance. [benchmark_id=algebraic_geometry_005]"
66,algebraic_geometry,"Compute an explicit mapping from a polytope to a kernel, then factorize basis vectors and discuss rank behavior with contrastive supervision. [benchmark_id=algebraic_geometry_006]"
67,algebraic_geometry,"Compute an explicit mapping from a embedding to a operator, then interpolate basis vectors and discuss rank behavior under rotational invariance. [benchmark_id=algebraic_geometry_007]"
68,algebraic_geometry,"Compute an explicit mapping from a manifold to a distance matrix, then stabilize basis vectors and discuss rank behavior under rotational invariance. [benchmark_id=algebraic_geometry_008]"
69,algebraic_geometry,"Compute an explicit mapping from a kernel to a basis, then interpolate basis vectors and discuss rank behavior with bounded curvature. [benchmark_id=algebraic_geometry_009]"
70,algebraic_geometry,"Compute an explicit mapping from a latent map to a distance matrix, then transform basis vectors and discuss rank behavior with bounded curvature. [benchmark_id=algebraic_geometry_010]"
71,algebraic_geometry,"Compute an explicit mapping from a projection to a graph, then normalize basis vectors and discuss rank behavior with bounded curvature. [benchmark_id=algebraic_geometry_011]"
72,algebraic_geometry,"Compute an explicit mapping from a trajectory to a graph, then compare basis vectors and discuss rank behavior across two scales. [benchmark_id=algebraic_geometry_012]"
73,algebraic_geometry,"Compute an explicit mapping from a polytope to a trajectory, then optimize basis vectors and discuss rank behavior with bounded curvature. [benchmark_id=algebraic_geometry_013]"
74,algebraic_geometry,"Compute an explicit mapping from a polytope to a latent map, then stabilize basis vectors and discuss rank behavior across two scales. [benchmark_id=algebraic_geometry_014]"
75,algebraic_geometry,"Compute an explicit mapping from a projection to a kernel, then normalize basis vectors and discuss rank behavior with bounded curvature. [benchmark_id=algebraic_geometry_015]"
76,algebraic_geometry,"Compute an explicit mapping from a coordinate frame to a geodesic, then stabilize basis vectors and discuss rank behavior under noisy measurements. [benchmark_id=algebraic_geometry_016]"
77,algebraic_geometry,"Compute an explicit mapping from a vector field to a geodesic, then decompose basis vectors and discuss rank behavior with contrastive supervision. [benchmark_id=algebraic_geometry_017]"
78,algebraic_geometry,"Compute an explicit mapping from a tensor to a kernel, then normalize basis vectors and discuss rank behavior under fixed token budget. [benchmark_id=algebraic_geometry_018]"
79,algebraic_geometry,"Compute an explicit mapping from a distance matrix to a kernel, then compare basis vectors and discuss rank behavior under rotational invariance. [benchmark_id=algebraic_geometry_019]"
80,algebraic_geometry,"Compute an explicit mapping from a latent map to a tensor, then factorize basis vectors and discuss rank behavior with contrastive supervision. [benchmark_id=algebraic_geometry_020]"
81,algebraic_geometry,"Compute an explicit mapping from a distance matrix to a latent map, then stabilize basis vectors and discuss rank behavior across two scales. [benchmark_id=algebraic_geometry_021]"
82,algebraic_geometry,"Compute an explicit mapping from a manifold to a embedding, then normalize basis vectors and discuss rank behavior with sparse observations. [benchmark_id=algebraic_geometry_022]"
83,algebraic_geometry,"Compute an explicit mapping from a distance matrix to a manifold, then perturb basis vectors and discuss rank behavior with contrastive supervision. [benchmark_id=algebraic_geometry_023]"
84,algebraic_geometry,"Compute an explicit mapping from a vector field to a embedding, then optimize basis vectors and discuss rank behavior with contrastive supervision. [benchmark_id=algebraic_geometry_024]"
85,algebraic_geometry,"Compute an explicit mapping from a trajectory to a kernel, then decompose basis vectors and discuss rank behavior under noisy measurements. [benchmark_id=algebraic_geometry_025]"
86,algebraic_geometry,"Compute an explicit mapping from a polytope to a tensor, then factorize basis vectors and discuss rank behavior with bounded curvature. [benchmark_id=algebraic_geometry_026]"
87,algebraic_geometry,"Compute an explicit mapping from a geodesic to a vector field, then perturb basis vectors and discuss rank behavior while preserving neighborhood topology. [benchmark_id=algebraic_geometry_027]"
88,algebraic_geometry,"Compute an explicit mapping from a embedding to a vector field, then optimize basis vectors and discuss rank behavior under rotational invariance. [benchmark_id=algebraic_geometry_028]"
89,algebraic_geometry,"Compute an explicit mapping from a operator to a distance matrix, then compare basis vectors and discuss rank behavior while preserving neighborhood topology. [benchmark_id=algebraic_geometry_029]"
90,algebraic_geometry,"Compute an explicit mapping from a embedding to a graph, then cluster basis vectors and discuss rank behavior under rotational invariance. [benchmark_id=algebraic_geometry_030]"
91,algebraic_geometry,"Compute an explicit mapping from a coordinate frame to a projection, then project basis vectors and discuss rank behavior under rotational invariance. [benchmark_id=algebraic_geometry_031]"
92,algebraic_geometry,"Compute an explicit mapping from a coordinate frame to a embedding, then align basis vectors and discuss rank behavior with contrastive supervision. [benchmark_id=algebraic_geometry_032]"
93,algebraic_geometry,"Compute an explicit mapping from a vector field to a manifold, then factorize basis vectors and discuss rank behavior under fixed token budget. [benchmark_id=algebraic_geometry_033]"
94,algebraic_geometry,"Compute an explicit mapping from a manifold to a projection, then interpolate basis vectors and discuss rank behavior with sparse observations. [benchmark_id=algebraic_geometry_034]"
95,algebraic_geometry,"Compute an explicit mapping from a distance matrix to a kernel, then project basis vectors and discuss rank behavior while preserving neighborhood topology. [benchmark_id=algebraic_geometry_035]"
96,algebraic_geometry,"Compute an explicit mapping from a vector field to a geodesic, then normalize basis vectors and discuss rank behavior with bounded curvature. [benchmark_id=algebraic_geometry_036]"
97,algebraic_geometry,"Compute an explicit mapping from a manifold to a polytope, then cluster basis vectors and discuss rank behavior while preserving neighborhood topology. [benchmark_id=algebraic_geometry_037]"
98,algebraic_geometry,"Compute an explicit mapping from a embedding to a distance matrix, then factorize basis vectors and discuss rank behavior under noisy measurements. [benchmark_id=algebraic_geometry_038]"
99,algebraic_geometry,"Compute an explicit mapping from a tensor to a tensor, then optimize basis vectors and discuss rank behavior with sparse observations. [benchmark_id=algebraic_geometry_039]"
100,algebraic_geometry,"Compute an explicit mapping from a distance matrix to a manifold, then cluster basis vectors and discuss rank behavior under fixed token budget. [benchmark_id=algebraic_geometry_040]"
101,algebraic_geometry,"Compute an explicit mapping from a polytope to a operator, then cluster basis vectors and discuss rank behavior under noisy measurements. [benchmark_id=algebraic_geometry_041]"
102,algebraic_geometry,"Compute an explicit mapping from a manifold to a operator, then factorize basis vectors and discuss rank behavior with sparse observations. [benchmark_id=algebraic_geometry_042]"
103,algebraic_geometry,"Compute an explicit mapping from a kernel to a distance matrix, then cluster basis vectors and discuss rank behavior across two scales. [benchmark_id=algebraic_geometry_043]"
104,algebraic_geometry,"Compute an explicit mapping from a latent map to a embedding, then cluster basis vectors and discuss rank behavior with contrastive supervision. [benchmark_id=algebraic_geometry_044]"
105,algebraic_geometry,"Compute an explicit mapping from a manifold to a projection, then compare basis vectors and discuss rank behavior with contrastive supervision. [benchmark_id=algebraic_geometry_045]"
106,algebraic_geometry,"Compute an explicit mapping from a tensor to a basis, then transform basis vectors and discuss rank behavior with contrastive supervision. [benchmark_id=algebraic_geometry_046]"
107,algebraic_geometry,"Compute an explicit mapping from a projection to a geodesic, then cluster basis vectors and discuss rank behavior under noisy measurements. [benchmark_id=algebraic_geometry_047]"
108,algebraic_geometry,"Compute an explicit mapping from a embedding to a tensor, then decompose basis vectors and discuss rank behavior across two scales. [benchmark_id=algebraic_geometry_048]"
109,algebraic_geometry,"Compute an explicit mapping from a projection to a embedding, then project basis vectors and discuss rank behavior with bounded curvature. [benchmark_id=algebraic_geometry_049]"
110,algebraic_geometry,"Compute an explicit mapping from a operator to a embedding, then compare basis vectors and discuss rank behavior under fixed token budget. [benchmark_id=algebraic_geometry_050]"
111,algebraic_geometry,"Compute an explicit mapping from a kernel to a basis, then project basis vectors and discuss rank behavior across two scales. [benchmark_id=algebraic_geometry_051]"
112,algebraic_geometry,"Compute an explicit mapping from a coordinate frame to a manifold, then stabilize basis vectors and discuss rank behavior across two scales. [benchmark_id=algebraic_geometry_052]"
113,algebraic_geometry,"Compute an explicit mapping from a embedding to a vector field, then align basis vectors and discuss rank behavior across two scales. [benchmark_id=algebraic_geometry_053]"
114,algebraic_geometry,"Compute an explicit mapping from a manifold to a tensor, then optimize basis vectors and discuss rank behavior with bounded curvature. [benchmark_id=algebraic_geometry_054]"
115,algebraic_geometry,"Compute an explicit mapping from a coordinate frame to a tensor, then interpolate basis vectors and discuss rank behavior under fixed token budget. [benchmark_id=algebraic_geometry_055]"
116,algebraic_geometry,"Compute an explicit mapping from a trajectory to a polytope, then interpolate basis vectors and discuss rank behavior under fixed token budget. [benchmark_id=algebraic_geometry_056]"
117,algebraic_geometry,"Compute an explicit mapping from a kernel to a geodesic, then compare basis vectors and discuss rank behavior under fixed token budget. [benchmark_id=algebraic_geometry_057]"
118,algebraic_geometry,"Compute an explicit mapping from a graph to a manifold, then interpolate basis vectors and discuss rank behavior under noisy measurements. [benchmark_id=algebraic_geometry_058]"
119,algebraic_geometry,"Compute an explicit mapping from a projection to a graph, then project basis vectors and discuss rank behavior with contrastive supervision. [benchmark_id=algebraic_geometry_059]"
120,analogy_composition,Complete the analogy: 'embedding is to local structure as projection is to global structure'; then factorize the relation under fixed token budget. [benchmark_id=analogy_composition_000]
121,analogy_composition,Complete the analogy: 'polytope is to local structure as latent map is to global structure'; then compare the relation under noisy measurements. [benchmark_id=analogy_composition_001]
122,analogy_composition,Complete the analogy: 'projection is to local structure as tensor is to global structure'; then factorize the relation under fixed token budget. [benchmark_id=analogy_composition_002]
123,analogy_composition,Complete the analogy: 'operator is to local structure as kernel is to global structure'; then project the relation under fixed token budget. [benchmark_id=analogy_composition_003]
124,analogy_composition,Complete the analogy: 'manifold is to local structure as operator is to global structure'; then factorize the relation under rotational invariance. [benchmark_id=analogy_composition_004]
125,analogy_composition,Complete the analogy: 'trajectory is to local structure as geodesic is to global structure'; then optimize the relation while preserving neighborhood topology. [benchmark_id=analogy_composition_005]
126,analogy_composition,Complete the analogy: 'distance matrix is to local structure as tensor is to global structure'; then decompose the relation while preserving neighborhood topology. [benchmark_id=analogy_composition_006]
127,analogy_composition,Complete the analogy: 'kernel is to local structure as graph is to global structure'; then normalize the relation under fixed token budget. [benchmark_id=analogy_composition_007]
128,analogy_composition,Complete the analogy: 'basis is to local structure as projection is to global structure'; then normalize the relation with contrastive supervision. [benchmark_id=analogy_composition_008]
129,analogy_composition,Complete the analogy: 'graph is to local structure as trajectory is to global structure'; then project the relation with bounded curvature. [benchmark_id=analogy_composition_009]
130,analogy_composition,Complete the analogy: 'kernel is to local structure as graph is to global structure'; then factorize the relation with bounded curvature. [benchmark_id=analogy_composition_010]
131,analogy_composition,Complete the analogy: 'operator is to local structure as manifold is to global structure'; then factorize the relation with bounded curvature. [benchmark_id=analogy_composition_011]
132,analogy_composition,Complete the analogy: 'latent map is to local structure as geodesic is to global structure'; then transform the relation while preserving neighborhood topology. [benchmark_id=analogy_composition_012]
133,analogy_composition,Complete the analogy: 'operator is to local structure as trajectory is to global structure'; then cluster the relation under fixed token budget. [benchmark_id=analogy_composition_013]
134,analogy_composition,Complete the analogy: 'polytope is to local structure as polytope is to global structure'; then project the relation with contrastive supervision. [benchmark_id=analogy_composition_014]
135,analogy_composition,Complete the analogy: 'trajectory is to local structure as embedding is to global structure'; then interpolate the relation under fixed token budget. [benchmark_id=analogy_composition_015]
136,analogy_composition,Complete the analogy: 'polytope is to local structure as projection is to global structure'; then normalize the relation under fixed token budget. [benchmark_id=analogy_composition_016]
137,analogy_composition,Complete the analogy: 'vector field is to local structure as trajectory is to global structure'; then interpolate the relation with sparse observations. [benchmark_id=analogy_composition_017]
138,analogy_composition,Complete the analogy: 'tensor is to local structure as projection is to global structure'; then transform the relation with contrastive supervision. [benchmark_id=analogy_composition_018]
139,analogy_composition,Complete the analogy: 'projection is to local structure as latent map is to global structure'; then stabilize the relation across two scales. [benchmark_id=analogy_composition_019]
140,analogy_composition,Complete the analogy: 'trajectory is to local structure as distance matrix is to global structure'; then interpolate the relation with bounded curvature. [benchmark_id=analogy_composition_020]
141,analogy_composition,Complete the analogy: 'trajectory is to local structure as geodesic is to global structure'; then project the relation with bounded curvature. [benchmark_id=analogy_composition_021]
142,analogy_composition,Complete the analogy: 'coordinate frame is to local structure as latent map is to global structure'; then transform the relation under rotational invariance. [benchmark_id=analogy_composition_022]
143,analogy_composition,Complete the analogy: 'vector field is to local structure as projection is to global structure'; then perturb the relation with bounded curvature. [benchmark_id=analogy_composition_023]
144,analogy_composition,Complete the analogy: 'tensor is to local structure as projection is to global structure'; then perturb the relation under fixed token budget. [benchmark_id=analogy_composition_024]
145,analogy_composition,Complete the analogy: 'projection is to local structure as basis is to global structure'; then transform the relation under fixed token budget. [benchmark_id=analogy_composition_025]
146,analogy_composition,Complete the analogy: 'projection is to local structure as coordinate frame is to global structure'; then stabilize the relation while preserving neighborhood topology. [benchmark_id=analogy_composition_026]
147,analogy_composition,Complete the analogy: 'tensor is to local structure as tensor is to global structure'; then perturb the relation with bounded curvature. [benchmark_id=analogy_composition_027]
148,analogy_composition,Complete the analogy: 'operator is to local structure as embedding is to global structure'; then compare the relation with contrastive supervision. [benchmark_id=analogy_composition_028]
149,analogy_composition,Complete the analogy: 'coordinate frame is to local structure as projection is to global structure'; then interpolate the relation under rotational invariance. [benchmark_id=analogy_composition_029]
150,analogy_composition,Complete the analogy: 'vector field is to local structure as basis is to global structure'; then factorize the relation under rotational invariance. [benchmark_id=analogy_composition_030]
151,analogy_composition,Complete the analogy: 'operator is to local structure as graph is to global structure'; then interpolate the relation with sparse observations. [benchmark_id=analogy_composition_031]
152,analogy_composition,Complete the analogy: 'kernel is to local structure as polytope is to global structure'; then factorize the relation under rotational invariance. [benchmark_id=analogy_composition_032]
153,analogy_composition,Complete the analogy: 'latent map is to local structure as geodesic is to global structure'; then stabilize the relation under noisy measurements. [benchmark_id=analogy_composition_033]
154,analogy_composition,Complete the analogy: 'manifold is to local structure as geodesic is to global structure'; then compare the relation with sparse observations. [benchmark_id=analogy_composition_034]
155,analogy_composition,Complete the analogy: 'embedding is to local structure as coordinate frame is to global structure'; then factorize the relation under noisy measurements. [benchmark_id=analogy_composition_035]
156,analogy_composition,Complete the analogy: 'projection is to local structure as tensor is to global structure'; then factorize the relation under noisy measurements. [benchmark_id=analogy_composition_036]
157,analogy_composition,Complete the analogy: 'basis is to local structure as polytope is to global structure'; then normalize the relation under fixed token budget. [benchmark_id=analogy_composition_037]
158,analogy_composition,Complete the analogy: 'distance matrix is to local structure as embedding is to global structure'; then factorize the relation with contrastive supervision. [benchmark_id=analogy_composition_038]
159,analogy_composition,Complete the analogy: 'tensor is to local structure as latent map is to global structure'; then decompose the relation while preserving neighborhood topology. [benchmark_id=analogy_composition_039]
160,analogy_composition,Complete the analogy: 'kernel is to local structure as vector field is to global structure'; then normalize the relation across two scales. [benchmark_id=analogy_composition_040]
161,analogy_composition,Complete the analogy: 'vector field is to local structure as distance matrix is to global structure'; then perturb the relation under fixed token budget. [benchmark_id=analogy_composition_041]
162,analogy_composition,Complete the analogy: 'embedding is to local structure as geodesic is to global structure'; then align the relation while preserving neighborhood topology. [benchmark_id=analogy_composition_042]
163,analogy_composition,Complete the analogy: 'geodesic is to local structure as kernel is to global structure'; then decompose the relation with contrastive supervision. [benchmark_id=analogy_composition_043]
164,analogy_composition,Complete the analogy: 'kernel is to local structure as trajectory is to global structure'; then compare the relation under fixed token budget. [benchmark_id=analogy_composition_044]
165,analogy_composition,Complete the analogy: 'operator is to local structure as vector field is to global structure'; then factorize the relation with contrastive supervision. [benchmark_id=analogy_composition_045]
166,analogy_composition,Complete the analogy: 'trajectory is to local structure as graph is to global structure'; then align the relation with contrastive supervision. [benchmark_id=analogy_composition_046]
167,analogy_composition,Complete the analogy: 'trajectory is to local structure as projection is to global structure'; then cluster the relation under fixed token budget. [benchmark_id=analogy_composition_047]
168,analogy_composition,Complete the analogy: 'projection is to local structure as manifold is to global structure'; then stabilize the relation with contrastive supervision. [benchmark_id=analogy_composition_048]
169,analogy_composition,Complete the analogy: 'basis is to local structure as basis is to global structure'; then project the relation with bounded curvature. [benchmark_id=analogy_composition_049]
170,analogy_composition,Complete the analogy: 'latent map is to local structure as distance matrix is to global structure'; then perturb the relation with bounded curvature. [benchmark_id=analogy_composition_050]
171,analogy_composition,Complete the analogy: 'coordinate frame is to local structure as trajectory is to global structure'; then optimize the relation with contrastive supervision. [benchmark_id=analogy_composition_051]
172,analogy_composition,Complete the analogy: 'tensor is to local structure as vector field is to global structure'; then transform the relation under fixed token budget. [benchmark_id=analogy_composition_052]
173,analogy_composition,Complete the analogy: 'tensor is to local structure as vector field is to global structure'; then optimize the relation while preserving neighborhood topology. [benchmark_id=analogy_composition_053]
174,analogy_composition,Complete the analogy: 'distance matrix is to local structure as coordinate frame is to global structure'; then decompose the relation with bounded curvature. [benchmark_id=analogy_composition_054]
175,analogy_composition,Complete the analogy: 'embedding is to local structure as latent map is to global structure'; then transform the relation under noisy measurements. [benchmark_id=analogy_composition_055]
176,analogy_composition,Complete the analogy: 'distance matrix is to local structure as tensor is to global structure'; then factorize the relation with bounded curvature. [benchmark_id=analogy_composition_056]
177,analogy_composition,Complete the analogy: 'latent map is to local structure as basis is to global structure'; then optimize the relation with bounded curvature. [benchmark_id=analogy_composition_057]
178,analogy_composition,Complete the analogy: 'latent map is to local structure as trajectory is to global structure'; then project the relation with sparse observations. [benchmark_id=analogy_composition_058]
179,analogy_composition,Complete the analogy: 'geodesic is to local structure as embedding is to global structure'; then compare the relation with sparse observations. [benchmark_id=analogy_composition_059]
180,factual_recall,"State concise facts about how a kernel is used in machine learning, then interpolate with a tensor example across two scales. [benchmark_id=factual_recall_000]"
181,factual_recall,"State concise facts about how a projection is used in machine learning, then factorize with a projection example under fixed token budget. [benchmark_id=factual_recall_001]"
182,factual_recall,"State concise facts about how a projection is used in machine learning, then normalize with a basis example under noisy measurements. [benchmark_id=factual_recall_002]"
183,factual_recall,"State concise facts about how a kernel is used in machine learning, then normalize with a kernel example with bounded curvature. [benchmark_id=factual_recall_003]"
184,factual_recall,"State concise facts about how a polytope is used in machine learning, then transform with a projection example with bounded curvature. [benchmark_id=factual_recall_004]"
185,factual_recall,"State concise facts about how a graph is used in machine learning, then decompose with a vector field example with contrastive supervision. [benchmark_id=factual_recall_005]"
186,factual_recall,"State concise facts about how a basis is used in machine learning, then cluster with a kernel example with sparse observations. [benchmark_id=factual_recall_006]"
187,factual_recall,"State concise facts about how a manifold is used in machine learning, then normalize with a projection example under fixed token budget. [benchmark_id=factual_recall_007]"
188,factual_recall,"State concise facts about how a operator is used in machine learning, then optimize with a basis example while preserving neighborhood topology. [benchmark_id=factual_recall_008]"
189,factual_recall,"State concise facts about how a trajectory is used in machine learning, then transform with a basis example under noisy measurements. [benchmark_id=factual_recall_009]"
190,factual_recall,"State concise facts about how a basis is used in machine learning, then project with a manifold example while preserving neighborhood topology. [benchmark_id=factual_recall_010]"
191,factual_recall,"State concise facts about how a vector field is used in machine learning, then decompose with a operator example while preserving neighborhood topology. [benchmark_id=factual_recall_011]"
192,factual_recall,"State concise facts about how a operator is used in machine learning, then normalize with a latent map example with sparse observations. [benchmark_id=factual_recall_012]"
193,factual_recall,"State concise facts about how a projection is used in machine learning, then interpolate with a graph example while preserving neighborhood topology. [benchmark_id=factual_recall_013]"
194,factual_recall,"State concise facts about how a polytope is used in machine learning, then project with a distance matrix example with bounded curvature. [benchmark_id=factual_recall_014]"
195,factual_recall,"State concise facts about how a projection is used in machine learning, then project with a geodesic example across two scales. [benchmark_id=factual_recall_015]"
196,factual_recall,"State concise facts about how a trajectory is used in machine learning, then compare with a operator example with contrastive supervision. [benchmark_id=factual_recall_016]"
197,factual_recall,"State concise facts about how a vector field is used in machine learning, then stabilize with a trajectory example while preserving neighborhood topology. [benchmark_id=factual_recall_017]"
198,factual_recall,"State concise facts about how a geodesic is used in machine learning, then cluster with a geodesic example with bounded curvature. [benchmark_id=factual_recall_018]"
199,factual_recall,"State concise facts about how a tensor is used in machine learning, then project with a latent map example across two scales. [benchmark_id=factual_recall_019]"
200,factual_recall,"State concise facts about how a manifold is used in machine learning, then project with a coordinate frame example under rotational invariance. [benchmark_id=factual_recall_020]"
201,factual_recall,"State concise facts about how a polytope is used in machine learning, then stabilize with a basis example under rotational invariance. [benchmark_id=factual_recall_021]"
202,factual_recall,"State concise facts about how a polytope is used in machine learning, then optimize with a graph example under noisy measurements. [benchmark_id=factual_recall_022]"
203,factual_recall,"State concise facts about how a graph is used in machine learning, then factorize with a trajectory example under fixed token budget. [benchmark_id=factual_recall_023]"
204,factual_recall,"State concise facts about how a kernel is used in machine learning, then interpolate with a trajectory example with bounded curvature. [benchmark_id=factual_recall_024]"
205,factual_recall,"State concise facts about how a polytope is used in machine learning, then factorize with a tensor example with sparse observations. [benchmark_id=factual_recall_025]"
206,factual_recall,"State concise facts about how a basis is used in machine learning, then cluster with a operator example while preserving neighborhood topology. [benchmark_id=factual_recall_026]"
207,factual_recall,"State concise facts about how a manifold is used in machine learning, then stabilize with a basis example under fixed token budget. [benchmark_id=factual_recall_027]"
208,factual_recall,"State concise facts about how a basis is used in machine learning, then compare with a geodesic example with contrastive supervision. [benchmark_id=factual_recall_028]"
209,factual_recall,"State concise facts about how a vector field is used in machine learning, then cluster with a operator example with contrastive supervision. [benchmark_id=factual_recall_029]"
210,factual_recall,"State concise facts about how a vector field is used in machine learning, then optimize with a distance matrix example with bounded curvature. [benchmark_id=factual_recall_030]"
211,factual_recall,"State concise facts about how a basis is used in machine learning, then factorize with a graph example under rotational invariance. [benchmark_id=factual_recall_031]"
212,factual_recall,"State concise facts about how a vector field is used in machine learning, then align with a polytope example across two scales. [benchmark_id=factual_recall_032]"
213,factual_recall,"State concise facts about how a kernel is used in machine learning, then compare with a polytope example under fixed token budget. [benchmark_id=factual_recall_033]"
214,factual_recall,"State concise facts about how a vector field is used in machine learning, then cluster with a geodesic example with sparse observations. [benchmark_id=factual_recall_034]"
215,factual_recall,"State concise facts about how a embedding is used in machine learning, then compare with a geodesic example across two scales. [benchmark_id=factual_recall_035]"
216,factual_recall,"State concise facts about how a embedding is used in machine learning, then decompose with a embedding example with contrastive supervision. [benchmark_id=factual_recall_036]"
217,factual_recall,"State concise facts about how a projection is used in machine learning, then transform with a projection example under rotational invariance. [benchmark_id=factual_recall_037]"
218,factual_recall,"State concise facts about how a vector field is used in machine learning, then align with a polytope example with sparse observations. [benchmark_id=factual_recall_038]"
219,factual_recall,"State concise facts about how a coordinate frame is used in machine learning, then normalize with a basis example while preserving neighborhood topology. [benchmark_id=factual_recall_039]"
220,factual_recall,"State concise facts about how a geodesic is used in machine learning, then decompose with a distance matrix example with bounded curvature. [benchmark_id=factual_recall_040]"
221,factual_recall,"State concise facts about how a operator is used in machine learning, then align with a latent map example under noisy measurements. [benchmark_id=factual_recall_041]"
222,factual_recall,"State concise facts about how a operator is used in machine learning, then interpolate with a geodesic example while preserving neighborhood topology. [benchmark_id=factual_recall_042]"
223,factual_recall,"State concise facts about how a operator is used in machine learning, then stabilize with a operator example under fixed token budget. [benchmark_id=factual_recall_043]"
224,factual_recall,"State concise facts about how a geodesic is used in machine learning, then optimize with a geodesic example under rotational invariance. [benchmark_id=factual_recall_044]"
225,factual_recall,"State concise facts about how a coordinate frame is used in machine learning, then compare with a polytope example across two scales. [benchmark_id=factual_recall_045]"
226,factual_recall,"State concise facts about how a coordinate frame is used in machine learning, then normalize with a polytope example with contrastive supervision. [benchmark_id=factual_recall_046]"
227,factual_recall,"State concise facts about how a operator is used in machine learning, then normalize with a graph example while preserving neighborhood topology. [benchmark_id=factual_recall_047]"
228,factual_recall,"State concise facts about how a graph is used in machine learning, then compare with a basis example with contrastive supervision. [benchmark_id=factual_recall_048]"
229,factual_recall,"State concise facts about how a manifold is used in machine learning, then project with a projection example under fixed token budget. [benchmark_id=factual_recall_049]"
230,factual_recall,"State concise facts about how a kernel is used in machine learning, then interpolate with a manifold example under fixed token budget. [benchmark_id=factual_recall_050]"
231,factual_recall,"State concise facts about how a basis is used in machine learning, then perturb with a trajectory example under noisy measurements. [benchmark_id=factual_recall_051]"
232,factual_recall,"State concise facts about how a polytope is used in machine learning, then cluster with a distance matrix example while preserving neighborhood topology. [benchmark_id=factual_recall_052]"
233,factual_recall,"State concise facts about how a distance matrix is used in machine learning, then stabilize with a distance matrix example under noisy measurements. [benchmark_id=factual_recall_053]"
234,factual_recall,"State concise facts about how a projection is used in machine learning, then project with a distance matrix example under rotational invariance. [benchmark_id=factual_recall_054]"
235,factual_recall,"State concise facts about how a distance matrix is used in machine learning, then compare with a graph example under fixed token budget. [benchmark_id=factual_recall_055]"
236,factual_recall,"State concise facts about how a geodesic is used in machine learning, then transform with a projection example under noisy measurements. [benchmark_id=factual_recall_056]"
237,factual_recall,"State concise facts about how a vector field is used in machine learning, then transform with a vector field example under fixed token budget. [benchmark_id=factual_recall_057]"
238,factual_recall,"State concise facts about how a coordinate frame is used in machine learning, then optimize with a trajectory example under noisy measurements. [benchmark_id=factual_recall_058]"
239,factual_recall,"State concise facts about how a distance matrix is used in machine learning, then optimize with a polytope example across two scales. [benchmark_id=factual_recall_059]"
240,narrative_structure,"Write a short technical narrative where a researcher must perturb a geodesic and a projection under noisy measurements, ending with a tradeoff. [benchmark_id=narrative_structure_000]"
241,narrative_structure,"Write a short technical narrative where a researcher must transform a kernel and a distance matrix with sparse observations, ending with a tradeoff. [benchmark_id=narrative_structure_001]"
242,narrative_structure,"Write a short technical narrative where a researcher must project a tensor and a kernel while preserving neighborhood topology, ending with a tradeoff. [benchmark_id=narrative_structure_002]"
243,narrative_structure,"Write a short technical narrative where a researcher must perturb a distance matrix and a coordinate frame while preserving neighborhood topology, ending with a tradeoff. [benchmark_id=narrative_structure_003]"
244,narrative_structure,"Write a short technical narrative where a researcher must stabilize a manifold and a coordinate frame under fixed token budget, ending with a tradeoff. [benchmark_id=narrative_structure_004]"
245,narrative_structure,"Write a short technical narrative where a researcher must cluster a graph and a graph under noisy measurements, ending with a tradeoff. [benchmark_id=narrative_structure_005]"
246,narrative_structure,"Write a short technical narrative where a researcher must project a operator and a graph with bounded curvature, ending with a tradeoff. [benchmark_id=narrative_structure_006]"
247,narrative_structure,"Write a short technical narrative where a researcher must project a vector field and a polytope across two scales, ending with a tradeoff. [benchmark_id=narrative_structure_007]"
248,narrative_structure,"Write a short technical narrative where a researcher must decompose a graph and a embedding under fixed token budget, ending with a tradeoff. [benchmark_id=narrative_structure_008]"
249,narrative_structure,"Write a short technical narrative where a researcher must project a graph and a distance matrix across two scales, ending with a tradeoff. [benchmark_id=narrative_structure_009]"
250,narrative_structure,"Write a short technical narrative where a researcher must normalize a basis and a operator with contrastive supervision, ending with a tradeoff. [benchmark_id=narrative_structure_010]"
251,narrative_structure,"Write a short technical narrative where a researcher must transform a trajectory and a kernel under noisy measurements, ending with a tradeoff. [benchmark_id=narrative_structure_011]"
252,narrative_structure,"Write a short technical narrative where a researcher must factorize a kernel and a operator under rotational invariance, ending with a tradeoff. [benchmark_id=narrative_structure_012]"
253,narrative_structure,"Write a short technical narrative where a researcher must factorize a coordinate frame and a latent map under noisy measurements, ending with a tradeoff. [benchmark_id=narrative_structure_013]"
254,narrative_structure,"Write a short technical narrative where a researcher must cluster a manifold and a tensor with bounded curvature, ending with a tradeoff. [benchmark_id=narrative_structure_014]"
255,narrative_structure,"Write a short technical narrative where a researcher must optimize a basis and a coordinate frame with bounded curvature, ending with a tradeoff. [benchmark_id=narrative_structure_015]"
256,narrative_structure,"Write a short technical narrative where a researcher must cluster a distance matrix and a distance matrix with sparse observations, ending with a tradeoff. [benchmark_id=narrative_structure_016]"
257,narrative_structure,"Write a short technical narrative where a researcher must factorize a projection and a vector field across two scales, ending with a tradeoff. [benchmark_id=narrative_structure_017]"
258,narrative_structure,"Write a short technical narrative where a researcher must factorize a projection and a geodesic under rotational invariance, ending with a tradeoff. [benchmark_id=narrative_structure_018]"
259,narrative_structure,"Write a short technical narrative where a researcher must align a trajectory and a coordinate frame under fixed token budget, ending with a tradeoff. [benchmark_id=narrative_structure_019]"
260,narrative_structure,"Write a short technical narrative where a researcher must interpolate a embedding and a tensor under rotational invariance, ending with a tradeoff. [benchmark_id=narrative_structure_020]"
261,narrative_structure,"Write a short technical narrative where a researcher must perturb a projection and a coordinate frame with bounded curvature, ending with a tradeoff. [benchmark_id=narrative_structure_021]"
262,narrative_structure,"Write a short technical narrative where a researcher must interpolate a geodesic and a geodesic with sparse observations, ending with a tradeoff. [benchmark_id=narrative_structure_022]"
263,narrative_structure,"Write a short technical narrative where a researcher must stabilize a trajectory and a operator across two scales, ending with a tradeoff. [benchmark_id=narrative_structure_023]"
264,narrative_structure,"Write a short technical narrative where a researcher must decompose a latent map and a trajectory while preserving neighborhood topology, ending with a tradeoff. [benchmark_id=narrative_structure_024]"
265,narrative_structure,"Write a short technical narrative where a researcher must stabilize a tensor and a trajectory with sparse observations, ending with a tradeoff. [benchmark_id=narrative_structure_025]"
266,narrative_structure,"Write a short technical narrative where a researcher must compare a manifold and a vector field with contrastive supervision, ending with a tradeoff. [benchmark_id=narrative_structure_026]"
267,narrative_structure,"Write a short technical narrative where a researcher must optimize a trajectory and a geodesic under noisy measurements, ending with a tradeoff. [benchmark_id=narrative_structure_027]"
268,narrative_structure,"Write a short technical narrative where a researcher must optimize a latent map and a projection under rotational invariance, ending with a tradeoff. [benchmark_id=narrative_structure_028]"
269,narrative_structure,"Write a short technical narrative where a researcher must align a polytope and a graph across two scales, ending with a tradeoff. [benchmark_id=narrative_structure_029]"
270,narrative_structure,"Write a short technical narrative where a researcher must compare a vector field and a trajectory under rotational invariance, ending with a tradeoff. [benchmark_id=narrative_structure_030]"
271,narrative_structure,"Write a short technical narrative where a researcher must perturb a projection and a operator with sparse observations, ending with a tradeoff. [benchmark_id=narrative_structure_031]"
272,narrative_structure,"Write a short technical narrative where a researcher must normalize a graph and a vector field with contrastive supervision, ending with a tradeoff. [benchmark_id=narrative_structure_032]"
273,narrative_structure,"Write a short technical narrative where a researcher must cluster a geodesic and a embedding under rotational invariance, ending with a tradeoff. [benchmark_id=narrative_structure_033]"
274,narrative_structure,"Write a short technical narrative where a researcher must project a basis and a trajectory under rotational invariance, ending with a tradeoff. [benchmark_id=narrative_structure_034]"
275,narrative_structure,"Write a short technical narrative where a researcher must optimize a manifold and a latent map under noisy measurements, ending with a tradeoff. [benchmark_id=narrative_structure_035]"
276,narrative_structure,"Write a short technical narrative where a researcher must align a coordinate frame and a coordinate frame with sparse observations, ending with a tradeoff. [benchmark_id=narrative_structure_036]"
277,narrative_structure,"Write a short technical narrative where a researcher must perturb a projection and a basis with sparse observations, ending with a tradeoff. [benchmark_id=narrative_structure_037]"
278,narrative_structure,"Write a short technical narrative where a researcher must normalize a projection and a distance matrix with contrastive supervision, ending with a tradeoff. [benchmark_id=narrative_structure_038]"
279,narrative_structure,"Write a short technical narrative where a researcher must cluster a geodesic and a vector field under rotational invariance, ending with a tradeoff. [benchmark_id=narrative_structure_039]"
280,narrative_structure,"Write a short technical narrative where a researcher must align a latent map and a operator with sparse observations, ending with a tradeoff. [benchmark_id=narrative_structure_040]"
281,narrative_structure,"Write a short technical narrative where a researcher must stabilize a vector field and a basis while preserving neighborhood topology, ending with a tradeoff. [benchmark_id=narrative_structure_041]"
282,narrative_structure,"Write a short technical narrative where a researcher must factorize a manifold and a geodesic under noisy measurements, ending with a tradeoff. [benchmark_id=narrative_structure_042]"
283,narrative_structure,"Write a short technical narrative where a researcher must stabilize a projection and a graph under fixed token budget, ending with a tradeoff. [benchmark_id=narrative_structure_043]"
284,narrative_structure,"Write a short technical narrative where a researcher must stabilize a basis and a distance matrix across two scales, ending with a tradeoff. [benchmark_id=narrative_structure_044]"
285,narrative_structure,"Write a short technical narrative where a researcher must project a vector field and a latent map with sparse observations, ending with a tradeoff. [benchmark_id=narrative_structure_045]"
286,narrative_structure,"Write a short technical narrative where a researcher must align a latent map and a latent map under noisy measurements, ending with a tradeoff. [benchmark_id=narrative_structure_046]"
287,narrative_structure,"Write a short technical narrative where a researcher must align a embedding and a embedding with contrastive supervision, ending with a tradeoff. [benchmark_id=narrative_structure_047]"
288,narrative_structure,"Write a short technical narrative where a researcher must transform a coordinate frame and a operator across two scales, ending with a tradeoff. [benchmark_id=narrative_structure_048]"
289,narrative_structure,"Write a short technical narrative where a researcher must project a latent map and a polytope across two scales, ending with a tradeoff. [benchmark_id=narrative_structure_049]"
290,narrative_structure,"Write a short technical narrative where a researcher must interpolate a operator and a trajectory with bounded curvature, ending with a tradeoff. [benchmark_id=narrative_structure_050]"
291,narrative_structure,"Write a short technical narrative where a researcher must stabilize a polytope and a polytope with sparse observations, ending with a tradeoff. [benchmark_id=narrative_structure_051]"
292,narrative_structure,"Write a short technical narrative where a researcher must align a distance matrix and a basis with sparse observations, ending with a tradeoff. [benchmark_id=narrative_structure_052]"
293,narrative_structure,"Write a short technical narrative where a researcher must optimize a manifold and a kernel while preserving neighborhood topology, ending with a tradeoff. [benchmark_id=narrative_structure_053]"
294,narrative_structure,"Write a short technical narrative where a researcher must decompose a tensor and a projection while preserving neighborhood topology, ending with a tradeoff. [benchmark_id=narrative_structure_054]"
295,narrative_structure,"Write a short technical narrative where a researcher must align a basis and a trajectory while preserving neighborhood topology, ending with a tradeoff. [benchmark_id=narrative_structure_055]"
296,narrative_structure,"Write a short technical narrative where a researcher must factorize a kernel and a manifold across two scales, ending with a tradeoff. [benchmark_id=narrative_structure_056]"
297,narrative_structure,"Write a short technical narrative where a researcher must decompose a distance matrix and a tensor under noisy measurements, ending with a tradeoff. [benchmark_id=narrative_structure_057]"
298,narrative_structure,"Write a short technical narrative where a researcher must factorize a embedding and a graph under noisy measurements, ending with a tradeoff. [benchmark_id=narrative_structure_058]"
299,narrative_structure,"Write a short technical narrative where a researcher must cluster a tensor and a embedding with bounded curvature, ending with a tradeoff. [benchmark_id=narrative_structure_059]"
300,symbolic_code,Provide pseudocode to normalize a distance matrix into a projection with sparse observations; include complexity analysis and failure modes. [benchmark_id=symbolic_code_000]
301,symbolic_code,Provide pseudocode to transform a embedding into a trajectory with contrastive supervision; include complexity analysis and failure modes. [benchmark_id=symbolic_code_001]
302,symbolic_code,Provide pseudocode to align a graph into a projection across two scales; include complexity analysis and failure modes. [benchmark_id=symbolic_code_002]
303,symbolic_code,Provide pseudocode to cluster a polytope into a trajectory under fixed token budget; include complexity analysis and failure modes. [benchmark_id=symbolic_code_003]
304,symbolic_code,Provide pseudocode to stabilize a polytope into a distance matrix across two scales; include complexity analysis and failure modes. [benchmark_id=symbolic_code_004]
305,symbolic_code,Provide pseudocode to decompose a projection into a latent map with bounded curvature; include complexity analysis and failure modes. [benchmark_id=symbolic_code_005]
306,symbolic_code,Provide pseudocode to stabilize a trajectory into a manifold under rotational invariance; include complexity analysis and failure modes. [benchmark_id=symbolic_code_006]
307,symbolic_code,Provide pseudocode to align a vector field into a tensor with contrastive supervision; include complexity analysis and failure modes. [benchmark_id=symbolic_code_007]
308,symbolic_code,Provide pseudocode to optimize a latent map into a distance matrix under fixed token budget; include complexity analysis and failure modes. [benchmark_id=symbolic_code_008]
309,symbolic_code,Provide pseudocode to decompose a polytope into a kernel with sparse observations; include complexity analysis and failure modes. [benchmark_id=symbolic_code_009]
310,symbolic_code,Provide pseudocode to optimize a embedding into a geodesic under noisy measurements; include complexity analysis and failure modes. [benchmark_id=symbolic_code_010]
311,symbolic_code,Provide pseudocode to align a basis into a trajectory under fixed token budget; include complexity analysis and failure modes. [benchmark_id=symbolic_code_011]
312,symbolic_code,Provide pseudocode to perturb a trajectory into a geodesic while preserving neighborhood topology; include complexity analysis and failure modes. [benchmark_id=symbolic_code_012]
313,symbolic_code,Provide pseudocode to transform a vector field into a kernel under rotational invariance; include complexity analysis and failure modes. [benchmark_id=symbolic_code_013]
314,symbolic_code,Provide pseudocode to compare a geodesic into a basis under noisy measurements; include complexity analysis and failure modes. [benchmark_id=symbolic_code_014]
315,symbolic_code,Provide pseudocode to project a operator into a geodesic with contrastive supervision; include complexity analysis and failure modes. [benchmark_id=symbolic_code_015]
316,symbolic_code,Provide pseudocode to optimize a basis into a projection under rotational invariance; include complexity analysis and failure modes. [benchmark_id=symbolic_code_016]
317,symbolic_code,Provide pseudocode to cluster a basis into a graph under rotational invariance; include complexity analysis and failure modes. [benchmark_id=symbolic_code_017]
318,symbolic_code,Provide pseudocode to factorize a basis into a basis with sparse observations; include complexity analysis and failure modes. [benchmark_id=symbolic_code_018]
319,symbolic_code,Provide pseudocode to project a operator into a operator under rotational invariance; include complexity analysis and failure modes. [benchmark_id=symbolic_code_019]
320,symbolic_code,Provide pseudocode to optimize a operator into a distance matrix under fixed token budget; include complexity analysis and failure modes. [benchmark_id=symbolic_code_020]
321,symbolic_code,Provide pseudocode to interpolate a tensor into a tensor with sparse observations; include complexity analysis and failure modes. [benchmark_id=symbolic_code_021]
322,symbolic_code,Provide pseudocode to optimize a manifold into a vector field under rotational invariance; include complexity analysis and failure modes. [benchmark_id=symbolic_code_022]
323,symbolic_code,Provide pseudocode to normalize a kernel into a graph with sparse observations; include complexity analysis and failure modes. [benchmark_id=symbolic_code_023]
324,symbolic_code,Provide pseudocode to optimize a polytope into a vector field under noisy measurements; include complexity analysis and failure modes. [benchmark_id=symbolic_code_024]
325,symbolic_code,Provide pseudocode to compare a projection into a operator with bounded curvature; include complexity analysis and failure modes. [benchmark_id=symbolic_code_025]
326,symbolic_code,Provide pseudocode to perturb a kernel into a latent map under fixed token budget; include complexity analysis and failure modes. [benchmark_id=symbolic_code_026]
327,symbolic_code,Provide pseudocode to interpolate a distance matrix into a graph with contrastive supervision; include complexity analysis and failure modes. [benchmark_id=symbolic_code_027]
328,symbolic_code,Provide pseudocode to cluster a tensor into a manifold under rotational invariance; include complexity analysis and failure modes. [benchmark_id=symbolic_code_028]
329,symbolic_code,Provide pseudocode to interpolate a projection into a distance matrix with bounded curvature; include complexity analysis and failure modes. [benchmark_id=symbolic_code_029]
330,symbolic_code,Provide pseudocode to transform a operator into a coordinate frame across two scales; include complexity analysis and failure modes. [benchmark_id=symbolic_code_030]
331,symbolic_code,Provide pseudocode to align a trajectory into a operator with sparse observations; include complexity analysis and failure modes. [benchmark_id=symbolic_code_031]
332,symbolic_code,Provide pseudocode to factorize a tensor into a distance matrix across two scales; include complexity analysis and failure modes. [benchmark_id=symbolic_code_032]
333,symbolic_code,Provide pseudocode to interpolate a basis into a geodesic under fixed token budget; include complexity analysis and failure modes. [benchmark_id=symbolic_code_033]
334,symbolic_code,Provide pseudocode to stabilize a trajectory into a distance matrix with bounded curvature; include complexity analysis and failure modes. [benchmark_id=symbolic_code_034]
335,symbolic_code,Provide pseudocode to factorize a geodesic into a manifold under rotational invariance; include complexity analysis and failure modes. [benchmark_id=symbolic_code_035]
336,symbolic_code,Provide pseudocode to factorize a tensor into a tensor with sparse observations; include complexity analysis and failure modes. [benchmark_id=symbolic_code_036]
337,symbolic_code,Provide pseudocode to compare a embedding into a geodesic while preserving neighborhood topology; include complexity analysis and failure modes. [benchmark_id=symbolic_code_037]
338,symbolic_code,Provide pseudocode to decompose a distance matrix into a vector field under rotational invariance; include complexity analysis and failure modes. [benchmark_id=symbolic_code_038]
339,symbolic_code,Provide pseudocode to cluster a graph into a projection across two scales; include complexity analysis and failure modes. [benchmark_id=symbolic_code_039]
340,symbolic_code,Provide pseudocode to align a vector field into a embedding under rotational invariance; include complexity analysis and failure modes. [benchmark_id=symbolic_code_040]
341,symbolic_code,Provide pseudocode to stabilize a projection into a tensor across two scales; include complexity analysis and failure modes. [benchmark_id=symbolic_code_041]
342,symbolic_code,Provide pseudocode to decompose a embedding into a coordinate frame with contrastive supervision; include complexity analysis and failure modes. [benchmark_id=symbolic_code_042]
343,symbolic_code,Provide pseudocode to interpolate a projection into a tensor across two scales; include complexity analysis and failure modes. [benchmark_id=symbolic_code_043]
344,symbolic_code,Provide pseudocode to project a geodesic into a distance matrix with contrastive supervision; include complexity analysis and failure modes. [benchmark_id=symbolic_code_044]
345,symbolic_code,Provide pseudocode to factorize a trajectory into a vector field under noisy measurements; include complexity analysis and failure modes. [benchmark_id=symbolic_code_045]
346,symbolic_code,Provide pseudocode to stabilize a manifold into a vector field under rotational invariance; include complexity analysis and failure modes. [benchmark_id=symbolic_code_046]
347,symbolic_code,Provide pseudocode to decompose a projection into a distance matrix under fixed token budget; include complexity analysis and failure modes. [benchmark_id=symbolic_code_047]
348,symbolic_code,Provide pseudocode to interpolate a operator into a kernel under fixed token budget; include complexity analysis and failure modes. [benchmark_id=symbolic_code_048]
349,symbolic_code,Provide pseudocode to align a manifold into a kernel with contrastive supervision; include complexity analysis and failure modes. [benchmark_id=symbolic_code_049]
350,symbolic_code,Provide pseudocode to compare a vector field into a vector field with bounded curvature; include complexity analysis and failure modes. [benchmark_id=symbolic_code_050]
351,symbolic_code,Provide pseudocode to decompose a vector field into a polytope with bounded curvature; include complexity analysis and failure modes. [benchmark_id=symbolic_code_051]
352,symbolic_code,Provide pseudocode to align a distance matrix into a tensor with contrastive supervision; include complexity analysis and failure modes. [benchmark_id=symbolic_code_052]
353,symbolic_code,Provide pseudocode to factorize a trajectory into a kernel across two scales; include complexity analysis and failure modes. [benchmark_id=symbolic_code_053]
354,symbolic_code,Provide pseudocode to cluster a latent map into a basis under rotational invariance; include complexity analysis and failure modes. [benchmark_id=symbolic_code_054]
355,symbolic_code,Provide pseudocode to compare a polytope into a polytope with contrastive supervision; include complexity analysis and failure modes. [benchmark_id=symbolic_code_055]
356,symbolic_code,Provide pseudocode to transform a coordinate frame into a latent map while preserving neighborhood topology; include complexity analysis and failure modes. [benchmark_id=symbolic_code_056]
357,symbolic_code,Provide pseudocode to project a distance matrix into a basis under rotational invariance; include complexity analysis and failure modes. [benchmark_id=symbolic_code_057]
358,symbolic_code,Provide pseudocode to factorize a manifold into a projection under noisy measurements; include complexity analysis and failure modes. [benchmark_id=symbolic_code_058]
359,symbolic_code,Provide pseudocode to factorize a polytope into a kernel under noisy measurements; include complexity analysis and failure modes. [benchmark_id=symbolic_code_059]
